sample_id,dx_norm_mean,dx_norm_std,dy_norm_mean,dy_norm_std,fraction_dx_abs_001,fraction_dx_abs_002,fraction_dx_abs_005,fraction_dy_abs_001,fraction_dy_abs_002,fraction_dy_abs_005,abs_dx_diag_mae,abs_dy_diag_mae,sign_lost,status
sample_000000,-0.21419358689558973,0.27895705197693305,-0.12505605615001306,0.20804123446695746,0.23214285714285715,0.2544642857142857,0.3705357142857143,0.022321428571428572,0.32142857142857145,0.42857142857142855,2.8320388062305143e-09,1.822150847632209e-09,True,sign_lost_not_trajectory_reconstructable
sample_000001,0.17744903149459473,0.291571776651663,-0.003373798051854631,0.1828150036569886,0.22321428571428573,0.24553571428571427,0.35267857142857145,0.008928571428571428,0.24553571428571427,0.40625,2.6875178740260523e-09,1.1595775435429257e-09,True,sign_lost_not_trajectory_reconstructable
sample_000002,-0.14908547345692838,0.23743496113638318,0.10588485284608685,0.20280785138528035,0.40625,0.45089285714285715,0.5,0.07589285714285714,0.4732142857142857,0.5491071428571429,1.839155461995037e-09,1.6566151286822835e-09,True,sign_lost_not_trajectory_reconstructable
sample_000003,0.09643012851122433,0.21974663210179915,0.1109872661285264,0.21457746831849603,0.27232142857142855,0.29017857142857145,0.38392857142857145,0.004464285714285714,0.25892857142857145,0.3794642857142857,1.7295942362866445e-09,1.6928708816931495e-09,True,sign_lost_not_trajectory_reconstructable
sample_000004,0.08617673926132295,0.18484065430512872,-0.1624833135181378,0.2605676771812488,0.2767857142857143,0.29464285714285715,0.36607142857142855,0.03125,0.3169642857142857,0.3794642857142857,1.4871573891251568e-09,2.0895093954601623e-09,True,sign_lost_not_trajectory_reconstructable
sample_000005,0.05566700230448525,0.23889756478669769,-0.14437326617024546,0.22280047496030292,0.23214285714285715,0.24553571428571427,0.29464285714285715,0.013392857142857142,0.27232142857142855,0.38839285714285715,1.8642871774559674e-09,1.8861288756816068e-09,True,sign_lost_not_trajectory_reconstructable
sample_000006,0.1916885523283606,0.20527376543416712,0.003944788603131507,0.12321969628024745,0.30357142857142855,0.3125,0.3705357142857143,0.013392857142857142,0.3169642857142857,0.5580357142857143,1.966062452705664e-09,8.571377121223774e-10,True,sign_lost_not_trajectory_reconstructable
sample_000007,0.1800441692445065,0.23502714771715782,-0.010645453976598622,0.17517292052325242,0.33482142857142855,0.36607142857142855,0.45089285714285715,0.013392857142857142,0.33035714285714285,0.4375,1.9628686125523974e-09,1.2402012427134819e-09,True,sign_lost_not_trajectory_reconstructable
sample_000008,-0.05254245645358575,0.1856673234287976,-0.14686450576726687,0.25345444197114436,0.53125,0.5714285714285714,0.6919642857142857,0.03125,0.5491071428571429,0.6116071428571429,8.633106649205201e-10,1.9103186135892747e-09,True,sign_lost_not_trajectory_reconstructable
sample_000009,-0.242627213652498,0.31735236574843817,-0.04730878334689257,0.15548019614600944,0.2857142857142857,0.3080357142857143,0.3482142857142857,0.08928571428571429,0.4375,0.5669642857142857,2.5998057773765145e-09,1.0727297404524886e-09,True,sign_lost_not_trajectory_reconstructable
sample_000010,-0.028049546369918448,0.20251480729028254,0.12079839601192963,0.19884846715329085,0.35714285714285715,0.4330357142857143,0.53125,0.026785714285714284,0.25,0.3169642857142857,1.3535111489909283e-09,1.8287396773773342e-09,True,sign_lost_not_trajectory_reconstructable
sample_000011,-0.1438861149749801,0.23223315075280457,-0.13060952589533564,0.22929978552877678,0.24553571428571427,0.26339285714285715,0.39732142857142855,0.05357142857142857,0.30357142857142855,0.39285714285714285,1.80348668173179e-09,1.813875111646498e-09,True,sign_lost_not_trajectory_reconstructable
sample_000012,0.03843528764507113,0.17427737292116188,0.17808908495504966,0.18758789265501608,0.17857142857142858,0.29910714285714285,0.4330357142857143,0.0625,0.12946428571428573,0.30357142857142855,1.2027956811333657e-09,1.9722677175045157e-09,True,sign_lost_not_trajectory_reconstructable
sample_000013,-0.061345163701286405,0.22338247304806189,0.1843543374423784,0.18281718746867143,0.03125,0.15178571428571427,0.32589285714285715,0.10267857142857142,0.12946428571428573,0.1875,1.921566410531179e-09,2.315504053362163e-09,True,sign_lost_not_trajectory_reconstructable
sample_000014,0.009948460564289652,0.24742800450445185,0.14892554700373242,0.18020984211319171,0.21875,0.32142857142857145,0.42410714285714285,0.05357142857142857,0.21428571428571427,0.3794642857142857,1.7952284968984544e-09,1.83204477043621e-09,True,sign_lost_not_trajectory_reconstructable
sample_000015,0.0922675275603659,0.22513132806835395,-0.05165509041987507,0.20329121384283044,0.21875,0.25,0.3125,0.03571428571428571,0.27232142857142855,0.3705357142857143,1.917675983070452e-09,1.4498480232531983e-09,True,sign_lost_not_trajectory_reconstructable
sample_000016,-0.31347317665621427,0.29512616024696003,-0.00047452182800549115,0.13231367412107237,0.23660714285714285,0.24553571428571427,0.29910714285714285,0.044642857142857144,0.34375,0.4955357142857143,3.5888495909666074e-09,8.971951497992403e-10,True,sign_lost_not_trajectory_reconstructable
sample_000017,0.11442740880686249,0.25805822640411397,0.09629664393133387,0.26581727125367643,0.16517857142857142,0.22321428571428573,0.36160714285714285,0.013392857142857142,0.11160714285714286,0.22767857142857142,2.1291365047495343e-09,2.168991627886605e-09,True,sign_lost_not_trajectory_reconstructable
sample_000018,0.2191087777939284,0.23854638231726466,0.1435754437561259,0.1666581516859846,0.11607142857142858,0.17410714285714285,0.26785714285714285,0.0,0.08035714285714286,0.23214285714285715,2.6488040013354887e-09,1.8082724276202995e-09,True,sign_lost_not_trajectory_reconstructable
sample_000019,0.17055245292420423,0.21321499152564716,-0.02474813841436849,0.12749664552638293,0.4107142857142857,0.4419642857142857,0.53125,0.022321428571428572,0.4330357142857143,0.5982142857142857,1.9094376122510793e-09,9.37610820387473e-10,True,sign_lost_not_trajectory_reconstructable
sample_000020,0.14432469325472094,0.20966973269785666,-0.0023608764574613106,0.26202625759812254,0.3482142857142857,0.36607142857142855,0.45535714285714285,0.017857142857142856,0.36607142857142855,0.4419642857142857,1.559909364572693e-09,1.6086221619362688e-09,True,sign_lost_not_trajectory_reconstructable
sample_000021,0.05360386779330539,0.16121337160288912,0.19487855369918336,0.2335388354447168,0.27232142857142855,0.34375,0.4642857142857143,0.026785714285714284,0.29017857142857145,0.3794642857142857,1.266697676903333e-09,2.4405881064032795e-09,True,sign_lost_not_trajectory_reconstructable
sample_000022,0.19094634293188587,0.20833502386966998,0.032366560290343446,0.09072542337579524,0.32142857142857145,0.36160714285714285,0.4107142857142857,0.013392857142857142,0.3794642857142857,0.6339285714285714,2.0381299553408602e-09,7.861203407186885e-10,True,sign_lost_not_trajectory_reconstructable
sample_000023,-0.28023594992421935,0.24152724272974305,-0.082128777923786,0.20919305946349048,0.09821428571428571,0.12053571428571429,0.19642857142857142,0.3482142857142857,0.49107142857142855,0.5401785714285714,3.2106024836502545e-09,1.4561949991648092e-09,True,sign_lost_not_trajectory_reconstructable
sample_000024,-0.15278743745717746,0.1960448246916853,0.08459655215568362,0.16608133783796006,0.4107142857142857,0.42410714285714285,0.5,0.11607142857142858,0.5848214285714286,0.7276785714285714,1.6715763278639117e-09,9.534354977671475e-10,True,sign_lost_not_trajectory_reconstructable
sample_000025,0.12180927813648645,0.2249281397656266,0.0897172162776618,0.1766786367713743,0.3705357142857143,0.40625,0.49107142857142855,0.008928571428571428,0.36607142857142855,0.5401785714285714,1.6253456186340722e-09,1.3134092926755555e-09,True,sign_lost_not_trajectory_reconstructable
sample_000026,0.14235109099591306,0.24652738889270834,-0.06776536720689301,0.26834348984095474,0.24553571428571427,0.2767857142857143,0.42410714285714285,0.026785714285714284,0.23660714285714285,0.33035714285714285,2.001257576532437e-09,2.3902542940056287e-09,True,sign_lost_not_trajectory_reconstructable
sample_000027,0.1857923993605611,0.3105422611557104,-0.0024573451807368696,0.17031209090871333,0.09375,0.10714285714285714,0.17857142857142858,0.03125,0.12946428571428573,0.26339285714285715,3.2684256938580337e-09,1.3199751657000635e-09,True,sign_lost_not_trajectory_reconstructable
sample_000028,0.24550392384828099,0.24277485645876123,0.029657614250254156,0.1561142598387377,0.16964285714285715,0.19642857142857142,0.29017857142857145,0.008928571428571428,0.17857142857142858,0.42410714285714285,2.7999801650520705e-09,1.0640238668638987e-09,True,sign_lost_not_trajectory_reconstructable
sample_000029,0.015208804783360785,0.16031021560086442,-0.15928289844190138,0.28696475400022586,0.3794642857142857,0.4330357142857143,0.6651785714285714,0.0625,0.41964285714285715,0.44642857142857145,9.721470924622394e-10,2.41759739576273e-09,True,sign_lost_not_trajectory_reconstructable
sample_000030,0.048797672680468814,0.2303222394042532,-0.049616210917132184,0.25391751642911004,0.39285714285714285,0.42857142857142855,0.5714285714285714,0.049107142857142856,0.40625,0.5267857142857143,1.4637461588072553e-09,1.5893825995297308e-09,True,sign_lost_not_trajectory_reconstructable
sample_000031,0.1270086366184347,0.2880345757078015,-0.1283464217925469,0.2313388984774042,0.16964285714285715,0.1875,0.3169642857142857,0.04017857142857143,0.23660714285714285,0.3125,2.2368272574228413e-09,1.956370899673812e-09,True,sign_lost_not_trajectory_reconstructable
sample_000032,0.13869713704403727,0.26466710463839876,0.07095535323196167,0.15883535377260732,0.24107142857142858,0.32589285714285715,0.41964285714285715,0.05803571428571429,0.26785714285714285,0.4330357142857143,2.2409250416550046e-09,1.2768899717115213e-09,True,sign_lost_not_trajectory_reconstructable
sample_000033,-0.17680803247036075,0.219562028344279,0.1331398744342228,0.22720245143933115,0.28125,0.3169642857142857,0.375,0.13392857142857142,0.45982142857142855,0.5446428571428571,2.201201154484349e-09,1.8318621737475766e-09,True,sign_lost_not_trajectory_reconstructable
sample_000034,-0.023016276703964566,0.14360242702323617,-0.20192077049830176,0.18570074666073563,0.19642857142857142,0.2857142857142857,0.6160714285714286,0.125,0.25,0.33035714285714285,8.826352825813979e-10,2.2842876567404622e-09,True,sign_lost_not_trajectory_reconstructable
sample_000035,-0.12360770859716953,0.28733454306479633,-0.11749108316125557,0.21057957075010042,0.33035714285714285,0.35267857142857145,0.4375,0.049107142857142856,0.42410714285714285,0.5357142857142857,1.997363680845454e-09,1.488169516221584e-09,True,sign_lost_not_trajectory_reconstructable
sample_000036,-0.018717431021235752,0.21332295686636027,-0.13765304632584688,0.24188209500949115,0.48214285714285715,0.5267857142857143,0.6607142857142857,0.049107142857142856,0.4732142857142857,0.5491071428571429,1.3113791902105117e-09,1.6233017751562287e-09,True,sign_lost_not_trajectory_reconstructable
sample_000037,0.1845104013121047,0.31115440385587245,0.11252424754395722,0.1305121463457203,0.24553571428571427,0.25892857142857145,0.29464285714285715,0.004464285714285714,0.2544642857142857,0.375,2.9854489436410626e-09,1.1963711834434778e-09,True,sign_lost_not_trajectory_reconstructable
sample_000038,-0.26685801482342414,0.2065982516585734,0.018837473666644445,0.15822293047553335,0.16071428571428573,0.16964285714285715,0.19196428571428573,0.22321428571428573,0.48660714285714285,0.6473214285714286,3.1633129695836284e-09,1.1346908086858447e-09,True,sign_lost_not_trajectory_reconstructable
sample_000039,-0.1908490252662584,0.22367876224046318,0.12331310097407218,0.21292971109332065,0.15178571428571427,0.19196428571428573,0.28125,0.12946428571428573,0.3705357142857143,0.5044642857142857,2.2117020935938033e-09,1.8277614331040958e-09,True,sign_lost_not_trajectory_reconstructable
sample_000040,0.17981968982913918,0.36208069835174483,-0.14668981916025442,0.2469739830439046,0.10714285714285714,0.11607142857142858,0.17857142857142858,0.017857142857142856,0.14732142857142858,0.39732142857142855,3.203684978861637e-09,2.1798063597297184e-09,True,sign_lost_not_trajectory_reconstructable
sample_000041,-0.18052556729710936,0.22594542935325196,0.15774982792065462,0.2129253273379375,0.13839285714285715,0.14732142857142858,0.23660714285714285,0.13839285714285715,0.29017857142857145,0.39285714285714285,2.326371572569116e-09,1.9856072350919547e-09,True,sign_lost_not_trajectory_reconstructable
sample_000042,-0.3186595594494129,0.29738344814568424,-0.07573707319108258,0.2245893593148303,0.044642857142857144,0.05357142857142857,0.09375,0.0625,0.17410714285714285,0.33482142857142855,4.7309143973825014e-09,1.7627846746884786e-09,True,sign_lost_not_trajectory_reconstructable
sample_000043,0.18241093487242607,0.24260888815007528,-0.08007946936987823,0.2748303464636106,0.25,0.26339285714285715,0.3482142857142857,0.008928571428571428,0.25,0.33482142857142855,2.1979601202931642e-09,1.792431329051619e-09,True,sign_lost_not_trajectory_reconstructable
sample_000044,-0.025453111051131738,0.16001130364834554,-0.1429966314164753,0.2906050100501345,0.5669642857142857,0.6026785714285714,0.6830357142857143,0.008928571428571428,0.5491071428571429,0.6026785714285714,6.655670985353213e-10,2.1468034970044464e-09,True,sign_lost_not_trajectory_reconstructable
sample_000045,-0.1421305042871648,0.20286003029350322,0.027931606282459078,0.14049341200301868,0.5044642857142857,0.5223214285714286,0.5446428571428571,0.09821428571428571,0.6071428571428571,0.7232142857142857,1.647815285279822e-09,9.048802533989334e-10,True,sign_lost_not_trajectory_reconstructable
sample_000046,0.2701395665081934,0.28159731213974554,0.09183431366414159,0.11179278578250243,0.24107142857142858,0.24107142857142858,0.29464285714285715,0.0,0.23214285714285715,0.33482142857142855,3.14418106773163e-09,1.266064400809725e-09,True,sign_lost_not_trajectory_reconstructable
sample_000047,-0.04872371125459054,0.17862280700075375,-0.11930573806395248,0.29253653837825283,0.23660714285714285,0.2857142857142857,0.5178571428571429,0.09375,0.34375,0.41517857142857145,1.147505596421148e-09,2.2895862186904435e-09,True,sign_lost_not_trajectory_reconstructable
sample_000048,0.21318407831087982,0.25671052256349014,0.17421729971007124,0.2296626767303998,0.21875,0.25892857142857145,0.3125,0.008928571428571428,0.17857142857142858,0.2767857142857143,2.774314209824941e-09,2.2430690408351096e-09,True,sign_lost_not_trajectory_reconstructable
sample_000049,0.040408889903879044,0.14968255389826873,0.17549616210917018,0.24224523894553823,0.21428571428571427,0.30357142857142855,0.45535714285714285,0.022321428571428572,0.08928571428571429,0.21428571428571427,1.1754105026695043e-09,2.236189878542678e-09,True,sign_lost_not_trajectory_reconstructable
sample_000050,0.21841587601470192,0.2356896424162613,0.04866977452391253,0.14220646149242985,0.30357142857142855,0.30357142857142855,0.38392857142857145,0.017857142857142856,0.3080357142857143,0.39285714285714285,2.470711884419003e-09,1.008656420467108e-09,True,sign_lost_not_trajectory_reconstructable
sample_000051,0.27347431851683,0.2542737949360594,0.023288071251276205,0.18268064374508286,0.17857142857142858,0.19642857142857142,0.27232142857142855,0.013392857142857142,0.21428571428571427,0.46875,3.4175317044601235e-09,1.1544499542407985e-09,True,sign_lost_not_trajectory_reconstructable
sample_000052,0.033247607282997485,0.09199949057840454,-0.07828436893811551,0.21332879882452363,0.7053571428571429,0.7366071428571429,0.8348214285714286,0.044642857142857144,0.6919642857142857,0.7276785714285714,3.661909591189341e-10,1.2452314343562036e-09,True,sign_lost_not_trajectory_reconstructable
sample_000053,0.045152801710717706,0.09750827234570235,-0.08435407671610189,0.20223071371329154,0.49107142857142855,0.5491071428571429,0.6741071428571429,0.017857142857142856,0.48214285714285715,0.5848214285714286,5.568954849733171e-10,1.3545389663025377e-09,True,sign_lost_not_trajectory_reconstructable
sample_000054,0.08738218074615697,0.17687843719694885,-0.11678712220762312,0.25461650423099064,0.29017857142857145,0.29464285714285715,0.3794642857142857,0.017857142857142856,0.32142857142857145,0.36607142857142855,1.3533631318086307e-09,2.1994317716970123e-09,True,sign_lost_not_trajectory_reconstructable
sample_000055,0.1128275063840418,0.23652974758632922,0.15457809273512182,0.17960914565110195,0.28125,0.36607142857142855,0.4642857142857143,0.0,0.22767857142857142,0.36160714285714285,1.7844537055876018e-09,1.7117677223438811e-09,True,sign_lost_not_trajectory_reconstructable
sample_000056,0.21994181701165005,0.2810277605982739,0.17603716913835069,0.22996494859149152,0.23660714285714285,0.2767857142857143,0.34375,0.013392857142857142,0.19196428571428573,0.3169642857142857,2.9663537801519896e-09,2.0480160712743948e-09,True,sign_lost_not_trajectory_reconstructable
sample_000057,-0.03289077584237883,0.22237986417556385,0.19939433285359587,0.22855636060507,0.1875,0.25892857142857145,0.39285714285714285,0.022321428571428572,0.09821428571428571,0.15625,1.5792421981516154e-09,2.528623316737896e-09,True,sign_lost_not_trajectory_reconstructable
sample_000058,0.0331995972346241,0.0860093643379658,-0.07781897252988071,0.2139968271408899,0.7053571428571429,0.7366071428571429,0.8214285714285714,0.0625,0.6785714285714286,0.7321428571428571,3.595039475492096e-10,1.1365799116509584e-09,True,sign_lost_not_trajectory_reconstructable
sample_000059,0.1302292025660752,0.18440290402068912,-0.13443307677867627,0.2766017528111172,0.3080357142857143,0.3482142857142857,0.49107142857142855,0.017857142857142856,0.3169642857142857,0.38392857142857145,1.2631703688785787e-09,2.1328543419584184e-09,True,sign_lost_not_trajectory_reconstructable
sample_000060,-0.22701486494902876,0.2861961905120876,-0.014491166593664732,0.09091161211237289,0.3080357142857143,0.32142857142857145,0.36607142857142855,0.0625,0.45982142857142855,0.5892857142857143,3.1285745321079753e-09,7.159655000467971e-10,True,sign_lost_not_trajectory_reconstructable
sample_000061,0.07482690431208383,0.2496576303482949,0.1650944872035531,0.20461346267333172,0.2857142857142857,0.375,0.45982142857142855,0.044642857142857144,0.24553571428571427,0.33482142857142855,2.136041781172762e-09,1.960738681659262e-09,True,sign_lost_not_trajectory_reconstructable
sample_000062,-0.1600901550854292,0.27068718244051143,-0.14057709154621273,0.22441580638476616,0.35267857142857145,0.375,0.46875,0.013392857142857142,0.32589285714285715,0.38392857142857145,2.2546242237025378e-09,1.8108322735296078e-09,True,sign_lost_not_trajectory_reconstructable
sample_000063,-0.16440586916353242,0.23587333695743462,0.10674655319858879,0.22380063441007214,0.17857142857142858,0.19642857142857142,0.3169642857142857,0.05357142857142857,0.25,0.4017857142857143,1.8569782466264644e-09,1.557523107049656e-09,True,sign_lost_not_trajectory_reconstructable
sample_000064,0.04623108144580607,0.18561151009384233,0.15667172475648053,0.21518721786394998,0.22321428571428573,0.3080357142857143,0.4419642857142857,0.05357142857142857,0.16964285714285715,0.33035714285714285,1.6625108721486449e-09,2.1664802394166457e-09,True,sign_lost_not_trajectory_reconstructable
sample_000065,-0.19917941744347514,0.2605183545796826,-0.043872410988049775,0.19131258042384147,0.3169642857142857,0.32142857142857145,0.375,0.022321428571428572,0.3482142857142857,0.42857142857142855,2.5474953491033572e-09,1.387517949562084e-09,True,sign_lost_not_trajectory_reconstructable
sample_000066,0.1072233064131074,0.19202968989468866,-0.19098460672048226,0.27268967027269125,0.25892857142857145,0.27232142857142855,0.32589285714285715,0.008928571428571428,0.26339285714285715,0.38392857142857145,1.5313977511978886e-09,2.4434418678886404e-09,True,sign_lost_not_trajectory_reconstructable
sample_000067,-0.1221388606307195,0.24961157621143343,-0.15035302338193432,0.18931407148992102,0.2767857142857143,0.3125,0.5223214285714286,0.04017857142857143,0.3482142857142857,0.46875,1.951629212470748e-09,1.6901486678920085e-09,True,sign_lost_not_trajectory_reconstructable
sample_000068,-0.22215936221894386,0.30037031480885323,-0.15359906555701724,0.17378501159558546,0.1875,0.22321428571428573,0.42410714285714285,0.044642857142857144,0.25,0.39285714285714285,3.128547496566027e-09,1.9401182861590507e-09,True,sign_lost_not_trajectory_reconstructable
sample_000069,0.06125822658667014,0.21777371535424778,-0.03634785057255633,0.25573720155981655,0.46875,0.4955357142857143,0.6160714285714286,0.022321428571428572,0.48214285714285715,0.5535714285714286,1.2058484772517666e-09,1.915242356289841e-09,True,sign_lost_not_trajectory_reconstructable
sample_000070,0.09334710486432918,0.2151165402537113,0.1402798635880096,0.2209936715529994,0.26339285714285715,0.33482142857142855,0.45089285714285715,0.022321428571428572,0.14732142857142858,0.2544642857142857,1.6080551419853307e-09,2.099881097003437e-09,True,sign_lost_not_trajectory_reconstructable
sample_000071,0.20897736001827286,0.23440898669408802,-0.1330825146528185,0.2539796460202175,0.12946428571428573,0.14285714285714285,0.22767857142857142,0.017857142857142856,0.14732142857142858,0.35714285714285715,2.649807099187027e-09,2.170145472128359e-09,True,sign_lost_not_trajectory_reconstructable
sample_000072,-0.01880955841135761,0.20440208992109887,-0.136679233673322,0.25778618082015536,0.5178571428571429,0.5446428571428571,0.6205357142857143,0.04017857142857143,0.5178571428571429,0.5669642857142857,8.247152422417765e-10,1.5534040020645378e-09,True,sign_lost_not_trajectory_reconstructable
sample_000073,0.15408241119438917,0.2577668387698475,0.055641595227664896,0.14357072384873454,0.38392857142857145,0.4330357142857143,0.48660714285714285,0.022321428571428572,0.3392857142857143,0.48660714285714285,2.1666247038412187e-09,1.2240996682930304e-09,True,sign_lost_not_trajectory_reconstructable
sample_000074,0.015738212884342788,0.07376044976746131,-0.052584579604949,0.22969356917276154,0.6830357142857143,0.7098214285714286,0.7857142857142857,0.05357142857142857,0.6517857142857143,0.7053571428571429,3.5372587016519147e-10,1.3840792776394264e-09,True,sign_lost_not_trajectory_reconstructable
sample_000075,0.05079852388565077,0.21921407093196912,0.14595717831591568,0.22286859388627087,0.13839285714285715,0.26785714285714285,0.39285714285714285,0.07589285714285714,0.1875,0.29017857142857145,1.8195611892110238e-09,2.0903540853216453e-09,True,sign_lost_not_trajectory_reconstructable
sample_000076,-0.08416810264288545,0.2276846104147453,-0.005880681225623471,0.20914480675368166,0.33035714285714285,0.33482142857142855,0.39732142857142855,0.09821428571428571,0.47767857142857145,0.59375,1.8959465451198085e-09,1.3572040802682212e-09,True,sign_lost_not_trajectory_reconstructable
sample_000077,-0.08260193701081373,0.24036082165467812,-0.03414862440815279,0.24118499631832443,0.26785714285714285,0.2857142857142857,0.3482142857142857,0.11160714285714286,0.4330357142857143,0.53125,1.8256304435044796e-09,1.665151343978564e-09,True,sign_lost_not_trajectory_reconstructable
sample_000078,0.13242858180912542,0.22480467398971177,0.1912648874705368,0.23978875568394134,0.16071428571428573,0.19196428571428573,0.3125,0.013392857142857142,0.08035714285714286,0.1875,2.1140378233675706e-09,2.4404875982491566e-09,True,sign_lost_not_trajectory_reconstructable
sample_000079,0.0534598376481853,0.2265758027630373,-0.11322169034061438,0.22122737803234066,0.3482142857142857,0.35714285714285715,0.41517857142857145,0.017857142857142856,0.375,0.45982142857142855,1.4839984326729265e-09,1.587670075616944e-09,True,sign_lost_not_trajectory_reconstructable
sample_000080,0.2293933086968287,0.32094761501964175,0.06703142273115863,0.21450350099404558,0.16517857142857142,0.1875,0.21428571428571427,0.004464285714285714,0.16964285714285715,0.25,3.2210661088790377e-09,1.6467284030128082e-09,True,sign_lost_not_trajectory_reconstructable
sample_000081,0.07269499865053132,0.19657278017102034,-0.16589361324906823,0.24096713599335567,0.18303571428571427,0.22767857142857142,0.29017857142857145,0.0625,0.25892857142857145,0.33482142857142855,1.7218857091102097e-09,2.1577338001488153e-09,True,sign_lost_not_trajectory_reconstructable
sample_000082,0.2726970747607314,0.27803535061252643,0.18700331643826937,0.2237555865844029,0.09821428571428571,0.14732142857142858,0.21428571428571427,0.008928571428571428,0.08928571428571429,0.19196428571428573,3.688396635691775e-09,2.2679516742658494e-09,True,sign_lost_not_trajectory_reconstructable
sample_000083,0.0952662092303889,0.1979946345997096,0.01885442087478743,0.21975209939035525,0.08928571428571429,0.18303571428571427,0.3169642857142857,0.0625,0.10714285714285714,0.29464285714285715,1.770464853553066e-09,1.605079913408582e-09,True,sign_lost_not_trajectory_reconstructable
sample_000084,-0.21057466730333774,0.22387329520096294,0.10285651711407172,0.22640242284392573,0.06696428571428571,0.09375,0.16964285714285715,0.09375,0.1875,0.32142857142857145,2.5069043768831075e-09,1.7511717359332854e-09,True,sign_lost_not_trajectory_reconstructable
sample_000085,-0.15724328897377596,0.18940051424194168,0.10823138935819498,0.19724049173452265,0.375,0.42410714285714285,0.48214285714285715,0.026785714285714284,0.32589285714285715,0.42410714285714285,1.7112272519620803e-09,1.7715727103988975e-09,True,sign_lost_not_trajectory_reconstructable
sample_000086,0.026637791433972238,0.18961731802959728,0.16546602215130354,0.23683107613652288,0.26339285714285715,0.3482142857142857,0.4330357142857143,0.044642857142857144,0.29910714285714285,0.40625,1.4966044923849564e-09,2.071583102492141e-09,True,sign_lost_not_trajectory_reconstructable
sample_000087,0.0018165964249410845,0.04833645584001956,-0.08116017979684355,0.21351230446511965,0.78125,0.8035714285714286,0.8526785714285714,0.08928571428571429,0.7767857142857143,0.8080357142857143,1.8940031964129676e-10,1.1404053526888279e-09,True,sign_lost_not_trajectory_reconstructable
sample_000088,0.023266707496836847,0.17661286132666396,0.14820333521056142,0.20790123673277217,0.29017857142857145,0.39285714285714285,0.53125,0.049107142857142856,0.29464285714285715,0.41964285714285715,1.1192492007126376e-09,1.9565320035883524e-09,True,sign_lost_not_trajectory_reconstructable
sample_000089,-0.009614985363420227,0.09914579897051812,-0.09877484721440198,0.20320203547087315,0.5803571428571429,0.59375,0.7723214285714286,0.049107142857142856,0.6383928571428571,0.6830357142857143,5.63693396236275e-10,1.6965968035827297e-09,True,sign_lost_not_trajectory_reconstructable
sample_000090,-0.2822964892976493,0.2887684552484915,-0.07142335690299048,0.22232738224783025,0.08928571428571429,0.10714285714285714,0.16071428571428573,0.017857142857142856,0.12946428571428573,0.21875,3.460814494982997e-09,1.689103435615433e-09,True,sign_lost_not_trajectory_reconstructable
sample_000091,0.10424538584508361,0.2644686354799069,0.06596374861814944,0.15381612472398476,0.2544642857142857,0.33035714285714285,0.42410714285714285,0.08035714285714286,0.32142857142857145,0.4732142857142857,1.939220058744236e-09,1.2714767079492855e-09,True,sign_lost_not_trajectory_reconstructable
sample_000092,0.07355788195237699,0.12768804114728766,-0.07773945101474819,0.24041374537569615,0.5089285714285714,0.5491071428571429,0.6875,0.026785714285714284,0.48214285714285715,0.5401785714285714,7.733343793900321e-10,1.7483061074505071e-09,True,sign_lost_not_trajectory_reconstructable
sample_000093,0.14066944173397025,0.27315625563380846,0.023059935757043466,0.20235492254702248,0.044642857142857144,0.15178571428571427,0.28125,0.07142857142857142,0.11607142857142858,0.42410714285714285,2.3083238193919703e-09,1.555363319611999e-09,True,sign_lost_not_trajectory_reconstructable
sample_000094,0.21342931882824648,0.2537828955584691,0.060418100661200534,0.08106262740425087,0.3392857142857143,0.35714285714285715,0.4017857142857143,0.008928571428571428,0.3392857142857143,0.4642857142857143,2.4622439020921813e-09,8.365546156028018e-10,True,sign_lost_not_trajectory_reconstructable
sample_000095,-0.08420443457138423,0.17681405116830323,-0.10136777006028146,0.28064770575697073,0.41964285714285715,0.45089285714285715,0.5178571428571429,0.03571428571428571,0.42410714285714285,0.5535714285714286,1.120718519977768e-09,2.108928355643203e-09,True,sign_lost_not_trajectory_reconstructable
sample_000096,0.15267973924056188,0.29182026005419015,-0.017492126066371905,0.22012710416506734,0.19196428571428573,0.20982142857142858,0.29017857142857145,0.03571428571428571,0.22767857142857142,0.33482142857142855,2.6871827010782095e-09,1.748388453445764e-09,True,sign_lost_not_trajectory_reconstructable
sample_000097,0.015079047895865188,0.1330414058669153,-0.18143941764178462,0.2413366050238677,0.42410714285714285,0.4732142857142857,0.71875,0.04017857142857143,0.42410714285714285,0.45535714285714285,7.222131175449055e-10,2.2052920361767786e-09,True,sign_lost_not_trajectory_reconstructable
sample_000098,0.06800039446094094,0.2944874588350484,-0.08029196128736359,0.22702515660216926,0.15178571428571427,0.17410714285714285,0.25,0.04017857142857143,0.21428571428571427,0.3080357142857143,2.48810278697158e-09,1.8552339891331335e-09,True,sign_lost_not_trajectory_reconstructable
sample_000099,0.03726877322648577,0.17399195966185815,0.18413923826210182,0.19556714326933985,0.19196428571428573,0.29464285714285715,0.40625,0.05357142857142857,0.13839285714285715,0.29017857142857145,1.2276565252334924e-09,2.3724685241990006e-09,True,sign_lost_not_trajectory_reconstructable
