sample_id,vehicle_id
sample_000000,car6
sample_000001,car13
sample_000002,car18
sample_000003,car19
sample_000004,car20
sample_000006,car22
sample_000007,car23
sample_000008,car31
sample_000009,car32
sample_000010,car33
sample_000011,car35
sample_000012,car37
sample_000014,car42
sample_000015,car43
sample_000016,car45
sample_000017,car47
sample_000018,car51
sample_000019,car61
sample_000020,car74
sample_000021,car80
sample_000022,car82
sample_000023,car84
sample_000024,car85
sample_000025,car99
sample_000026,car102
sample_000027,car103
sample_000028,car104
sample_000029,car106
sample_000030,car107
sample_000031,car111
sample_000032,car121
sample_000033,car122
sample_000034,car129
sample_000035,car130
sample_000036,car134
sample_000038,car145
sample_000039,car146
sample_000040,car148
sample_000043,car158
sample_000044,car159
sample_000045,car163
sample_000046,car164
sample_000047,car166
sample_000048,car173
sample_000050,car178
sample_000051,car179
sample_000053,car188
sample_000055,car197
sample_000056,car200
sample_000057,car204
sample_000060,car211
sample_000061,car216
sample_000062,car217
sample_000064,car220
sample_000066,car223
sample_000067,car224
sample_000068,car225
sample_000069,car229
sample_000070,car235
sample_000071,car236
sample_000072,car237
sample_000073,car240
sample_000074,car245
sample_000075,car246
sample_000077,car250
sample_000078,car251
sample_000079,car252
sample_000080,car270
sample_000082,car278
sample_000083,car289
sample_000084,car290
sample_000086,car302
sample_000087,car303
sample_000088,car305
sample_000090,car307
sample_000091,car310
sample_000092,car313
sample_000094,car318
sample_000096,car322
sample_000097,car324
sample_000098,car325
sample_000099,car329
sample_000100,car334
sample_000101,car336
sample_000102,car337
sample_000103,car341
sample_000104,car364
sample_000106,car368
sample_000107,car377
sample_000108,car379
sample_000109,car384
sample_000110,car386
sample_000111,car389
sample_000112,car397
sample_000113,car399
sample_000115,car408
sample_000116,car412
sample_000117,car416
sample_000119,car420
sample_000120,car425
sample_000121,car427
sample_000122,car435
sample_000123,car437
sample_000125,car442
sample_000126,car447
sample_000127,car456
sample_000128,car461
sample_000129,car468
sample_000130,car471
sample_000131,car472
sample_000132,car478
sample_000133,car479
sample_000134,car483
sample_000135,car485
sample_000136,car488
sample_000138,car491
sample_000139,car494
sample_000140,car499
sample_000141,car502
sample_000142,car508
sample_000143,car513
sample_000144,car514
sample_000146,car516
sample_000147,car519
sample_000148,car521
sample_000150,car529
sample_000151,car532
sample_000152,car537
sample_000153,car539
sample_000154,car543
sample_000156,car548
sample_000157,car549
sample_000158,car550
sample_000163,car568
sample_000164,car571
sample_000165,car572
sample_000166,car576
sample_000168,car580
sample_000169,car581
sample_000170,car582
sample_000171,car583
sample_000172,car587
sample_000173,car596
sample_000174,car597
sample_000175,car598
sample_000176,car599
sample_000177,car618
sample_000178,car622
sample_000179,car632
sample_000180,car639
sample_000181,car641
sample_000184,car647
sample_000185,car652
sample_000186,car654
sample_000187,car656
sample_000189,car664
sample_000191,car667
sample_000192,car669
sample_000193,car674
sample_000194,car678
sample_000195,car679
sample_000196,car680
sample_000197,car684
sample_000198,car685
sample_000199,car687
sample_000200,car688
sample_000201,car698
sample_000202,car700
sample_000203,car701
sample_000204,car705
sample_000206,car708
sample_000207,car712
sample_000208,car715
sample_000209,car720
sample_000210,car722
sample_000212,car731
sample_000213,car736
sample_000214,car746
sample_000215,car747
sample_000216,car749
sample_000217,car750
sample_000218,car757
sample_000219,car762
sample_000220,car776
sample_000221,car777
sample_000222,car778
sample_000223,car779
sample_000224,car780
sample_000225,car781
sample_000226,car786
sample_000228,car792
sample_000229,car797
sample_000230,car798
sample_000231,car800
sample_000232,car808
sample_000233,car809
sample_000234,car814
sample_000235,car815
sample_000236,car816
sample_000237,car824
sample_000238,car825
sample_000239,car826
sample_000240,car829
sample_000241,car833
sample_000242,car837
sample_000243,car848
sample_000244,car850
sample_000245,car851
sample_000246,car859
sample_000248,car862
sample_000249,car867
sample_000250,car868
sample_000252,car870
sample_000253,car872
sample_000254,car875
sample_000255,car878
sample_000256,car882
sample_000257,car886
sample_000258,car887
sample_000259,car891
sample_000260,car897
sample_000262,car907
sample_000263,car910
sample_000265,car916
sample_000266,car919
sample_000267,car922
sample_000268,car924
sample_000269,car928
sample_000272,car938
sample_000273,car939
sample_000274,car940
sample_000276,car945
sample_000278,car952
sample_000280,car956
sample_000281,car965
sample_000282,car966
sample_000283,car973
sample_000284,car974
sample_000285,car975
sample_000288,car985
sample_000289,car988
sample_000291,car993
sample_000292,car994
sample_000293,car998
sample_000296,car1005
sample_000297,car1012
sample_000298,car1013
sample_000299,car1014
sample_000300,car1019
sample_000302,car1023
sample_000303,car1025
sample_000304,car1028
sample_000305,car1030
sample_000306,car1032
sample_000307,car1033
sample_000308,car1035
sample_000309,car1039
sample_000310,car1040
sample_000311,car1052
sample_000312,car1053
sample_000313,car1055
sample_000315,car1063
sample_000316,car1064
sample_000317,car1069
sample_000318,car1071
sample_000319,car1074
sample_000321,car1077
sample_000322,car1079
sample_000324,car1089
sample_000326,car1099
sample_000327,car1103
sample_000328,car1104
sample_000329,car1110
sample_000330,car1115
sample_000331,car1121
sample_000332,car1129
sample_000334,car1138
sample_000335,car1140
sample_000336,car1144
sample_000337,car1145
sample_000338,car1152
sample_000340,car1155
sample_000341,car1160
sample_000342,car1161
sample_000343,car1180
sample_000344,car1182
sample_000346,car1198
sample_000347,car1204
sample_000348,car1205
sample_000350,car1211
sample_000352,car1220
sample_000353,car1229
sample_000354,car1234
sample_000356,car1238
sample_000357,car1241
sample_000359,car1248
sample_000360,car1255
sample_000361,car1257
sample_000362,car1259
sample_000363,car1262
sample_000365,car1271
sample_000367,car1282
sample_000368,car1284
sample_000369,car1286
sample_000370,car1288
sample_000371,car1295
sample_000372,car1296
sample_000373,car1297
sample_000374,car1298
sample_000376,car1304
sample_000377,car1305
sample_000378,car1309
sample_000379,car1313
sample_000380,car1317
sample_000381,car1318
sample_000382,car1319
sample_000383,car1324
sample_000384,car1328
sample_000385,car1330
sample_000387,car1336
sample_000388,car1337
sample_000389,car1339
sample_000390,car1341
sample_000392,car1344
sample_000393,car1348
sample_000394,car1349
sample_000395,car1351
sample_000396,car1353
sample_000400,car1364
sample_000402,car1368
sample_000403,car1374
sample_000404,car1375
sample_000405,car1376
sample_000406,car1377
sample_000407,car1378
sample_000408,car1381
sample_000409,car1386
sample_000411,car1396
sample_000412,car1397
sample_000413,car1399
sample_000415,car1403
sample_000416,car1404
sample_000418,car1410
sample_000419,car1411
sample_000420,car1413
sample_000421,car1414
sample_000422,car1418
sample_000424,car1422
sample_000425,car1427
sample_000426,car1437
sample_000427,car1439
sample_000429,car1443
sample_000430,car1445
sample_000431,car1449
sample_000433,car1451
sample_000434,car1454
sample_000435,car1456
sample_000436,car1460
sample_000439,car1465
sample_000441,car1470
sample_000443,car1489
sample_000444,car1490
sample_000445,car1493
sample_000447,car1504
sample_000448,car1507
sample_000449,car1511
sample_000451,car1516
sample_000452,car1521
sample_000453,car1522
sample_000454,car1523
sample_000455,car1528
sample_000457,car1531
sample_000460,car1536
sample_000461,car1541
sample_000463,car1550
sample_000464,car1552
sample_000465,car1556
sample_000466,car1558
sample_000467,car1561
sample_000468,car1568
sample_000469,car1571
sample_000470,car1575
sample_000471,car1576
sample_000472,car1577
sample_000473,car1584
sample_000474,car1586
sample_000475,car1592
sample_000476,car1594
sample_000477,car1595
sample_000479,car1597
sample_000480,car1600
sample_000481,car1605
sample_000483,car1609
sample_000484,car1611
sample_000486,car1613
sample_000487,car1618
sample_000489,car1622
sample_000492,car1629
sample_000493,car1630
sample_000495,car1638
sample_000497,car1644
sample_000498,car1648
sample_000500,car1652
sample_000501,car1653
sample_000502,car1654
sample_000504,car1659
sample_000505,car1660
sample_000506,car1662
sample_000507,car1667
sample_000508,car1668
sample_000509,car1673
sample_000510,car1678
sample_000511,car1679
sample_000512,car1683
sample_000513,car1686
sample_000514,car1696
sample_000516,car1701
sample_000517,car1703
sample_000518,car1704
sample_000519,car1705
sample_000520,car1706
sample_000521,car1711
sample_000522,car1714
sample_000523,car1715
sample_000524,car1716
sample_000529,car1723
sample_000530,car1727
sample_000531,car1728
sample_000532,car1735
sample_000536,car1749
sample_000537,car1750
sample_000538,car1751
sample_000539,car1752
sample_000540,car1755
sample_000541,car1758
sample_000542,car1759
sample_000543,car1761
sample_000544,car1762
sample_000546,car1766
sample_000547,car1767
sample_000548,car1771
sample_000549,car1772
sample_000550,car1773
sample_000551,car1775
sample_000552,car1777
sample_000553,car1781
sample_000554,car1782
sample_000556,car1786
sample_000557,car1787
sample_000558,car1788
sample_000560,car1791
sample_000561,car1792
sample_000563,car1797
sample_000566,car1802
sample_000567,car1803
sample_000568,car1804
sample_000569,car1806
sample_000571,car1810
sample_000572,car1811
sample_000573,car1816
sample_000574,car1817
sample_000575,car1819
sample_000578,car1823
sample_000579,car1831
sample_000580,car1833
sample_000581,car1835
sample_000582,car1836
sample_000583,car1843
sample_000585,car1855
sample_000586,car1857
sample_000587,car1859
sample_000588,car1861
sample_000589,car1863
sample_000590,car1868
sample_000591,car1871
sample_000592,car1873
sample_000593,car1877
sample_000594,car1881
sample_000595,car1885
sample_000596,car1886
sample_000598,car1904
sample_000599,car1906
sample_000600,car1911
sample_000601,car1912
sample_000602,car1914
sample_000603,car1915
sample_000606,car1921
sample_000607,car1923
sample_000608,car1924
sample_000609,car1928
sample_000610,car1929
sample_000611,car1930
sample_000612,car1931
sample_000613,car1933
sample_000614,car1938
sample_000615,car1939
sample_000617,car1944
sample_000618,car1949
sample_000619,car1952
sample_000621,car1955
sample_000622,car1971
sample_000623,car1973
sample_000624,car1980
sample_000625,car1981
sample_000626,car1982
sample_000627,car1983
sample_000628,car1986
sample_000629,car1987
sample_000630,car1991
sample_000631,car1994
sample_000632,car1998
sample_000634,car2000
sample_000635,car2002
sample_000636,car2009
sample_000637,car2010
sample_000638,car2015
sample_000639,car2018
sample_000640,car2020
sample_000643,car2028
sample_000646,car2044
sample_000647,car2048
sample_000648,car2049
sample_000649,car2050
sample_000651,car2055
sample_000652,car2059
sample_000653,car2066
sample_000654,car2068
sample_000655,car2072
sample_000656,car2076
sample_000657,car2078
sample_000658,car2080
sample_000659,car2082
sample_000660,car2088
sample_000662,car2094
sample_000663,car2095
sample_000664,car2097
sample_000665,car2099
sample_000666,car2101
sample_000668,car2106
sample_000670,car2111
sample_000671,car2112
sample_000672,car2115
sample_000673,car2119
sample_000674,car2123
sample_000676,car2126
sample_000677,car2130
sample_000678,car2131
sample_000679,car2132
sample_000680,car2134
sample_000681,car2140
sample_000682,car2149
sample_000683,car2150
sample_000684,car2151
sample_000685,car2152
sample_000686,car2155
sample_000688,car2160
sample_000691,car2164
sample_000692,car2165
sample_000693,car2174
sample_000694,car2175
sample_000695,car2180
sample_000696,car2183
sample_000697,car2185
sample_000698,car2189
sample_000699,car2190
sample_000700,car2191
sample_000701,car2194
sample_000702,car2195
sample_000703,car2197
sample_000704,car2199
sample_000705,car2200
sample_000709,car2209
sample_000710,car2210
sample_000711,car2213
sample_000712,car2216
sample_000713,car2217
sample_000715,car2222
sample_000716,car2223
sample_000717,car2226
sample_000719,car2229
sample_000720,car2230
sample_000722,car2236
sample_000723,car2238
sample_000724,car2242
sample_000726,car2247
sample_000727,car2253
sample_000728,car2256
sample_000729,car2259
sample_000730,car2260
sample_000731,car2261
sample_000733,car2268
sample_000734,car2277
sample_000736,car2283
sample_000737,car2286
sample_000738,car2290
sample_000739,car2293
sample_000740,car2295
sample_000741,car2297
sample_000742,car2298
sample_000743,car2301
sample_000744,car2303
sample_000745,car2307
sample_000747,car2310
sample_000748,car2311
sample_000750,car2313
sample_000751,car2323
sample_000753,car2334
sample_000754,car2335
sample_000755,car2340
sample_000756,car2342
sample_000757,car2350
sample_000758,car2351
sample_000759,car2352
sample_000761,car2354
sample_000762,car2360
sample_000763,car2366
sample_000765,car2371
sample_000766,car2373
sample_000767,car2377
sample_000768,car2380
sample_000769,car2381
sample_000770,car2382
sample_000771,car2384
sample_000772,car2385
sample_000773,car2388
sample_000774,car2392
sample_000775,car2395
sample_000776,car2398
sample_000777,car2413
sample_000779,car2421
sample_000780,car2423
sample_000782,car2428
sample_000783,car2431
sample_000784,car2432
sample_000785,car2439
sample_000786,car2440
sample_000788,car2450
sample_000789,car2453
sample_000790,car2464
sample_000791,car2466
sample_000792,car2469
sample_000793,car2470
sample_000795,car2474
sample_000796,car2475
sample_000797,car2477
sample_000798,car2480
sample_000799,car2482
sample_000800,car2487
sample_000802,car2494
sample_000803,car2495
sample_000804,car2497
sample_000806,car2508
sample_000808,car2515
sample_000810,car2522
sample_000811,car2523
sample_000812,car2524
sample_000813,car2525
sample_000814,car2531
sample_000815,car2534
sample_000817,car2548
sample_000818,car2551
sample_000819,car2552
sample_000821,car2555
sample_000822,car2559
sample_000823,car2566
sample_000825,car2574
sample_000826,car2576
sample_000827,car2580
sample_000829,car2584
sample_000831,car2592
sample_000833,car2595
sample_000834,car2600
sample_000835,car2604
sample_000837,car2612
sample_000839,car2618
sample_000841,car2629
sample_000842,car2631
sample_000843,car2636
sample_000845,car2643
sample_000846,car2644
sample_000847,car2645
sample_000848,car2650
sample_000849,car2653
sample_000850,car2655
sample_000852,car2667
sample_000853,car2672
sample_000854,car2673
sample_000855,car2677
sample_000856,car2682
sample_000857,car2683
sample_000858,car2688
sample_000859,car2691
sample_000860,car2694
sample_000863,car2701
sample_000864,car2704
sample_000865,car2708
sample_000866,car2712
sample_000868,car2721
sample_000869,car2724
sample_000871,car2732
sample_000872,car2740
sample_000873,car2741
sample_000874,car2744
sample_000875,car2745
sample_000876,car2747
sample_000877,car2753
sample_000878,car2764
sample_000879,car2771
sample_000880,car2772
sample_000881,car2773
sample_000882,car2777
sample_000883,car2778
sample_000884,car2784
sample_000885,car2789
sample_000889,car2801
sample_000890,car2802
sample_000891,car2807
sample_000892,car2809
sample_000894,car2815
sample_000895,car2816
sample_000896,car2820
sample_000897,car2826
sample_000898,car2829
sample_000899,car2832
sample_000900,car2833
sample_000902,car2840
sample_000904,car2844
sample_000905,car2845
sample_000906,car2850
sample_000907,car2851
sample_000909,car2856
sample_000910,car2858
sample_000911,car2860
sample_000912,car2866
sample_000913,car2867
sample_000914,car2869
sample_000916,car2871
sample_000917,car2872
sample_000918,car2881
sample_000919,car2882
sample_000920,car2885
sample_000921,car2887
sample_000922,car2896
sample_000923,car2897
sample_000924,car2899
sample_000925,car2903
sample_000927,car2905
sample_000928,car2907
sample_000929,car2909
sample_000931,car2924
sample_000932,car2926
sample_000933,car2928
sample_000934,car2934
sample_000935,car2941
sample_000936,car2942
sample_000937,car2949
sample_000939,car2963
sample_000940,car2964
sample_000941,car2968
sample_000942,car2970
sample_000943,car2978
sample_000944,car2981
sample_000945,car2990
sample_000946,car2991
sample_000947,car2999
sample_000950,car3013
sample_000951,car3014
sample_000952,car3017
sample_000953,car3019
sample_000954,car3020
sample_000955,car3027
sample_000956,car3033
sample_000957,car3035
sample_000958,car3044
sample_000959,car3048
sample_000960,car3050
sample_000963,car3057
sample_000964,car3068
sample_000965,car3072
sample_000967,car3081
sample_000968,car3083
sample_000969,car3084
sample_000970,car3088
sample_000971,car3090
sample_000972,car3091
sample_000973,car3096
sample_000974,car3101
sample_000975,car3102
sample_000976,car3103
sample_000977,car3105
sample_000979,car3112
sample_000980,car3114
sample_000981,car3115
sample_000982,car3118
sample_000983,car3119
sample_000985,car3121
sample_000988,car3131
sample_000991,car3146
sample_000992,car3148
sample_000993,car3149
sample_000994,car3151
sample_000996,car3154
sample_000997,car3155
sample_000999,car3158
sample_001000,car3162
sample_001001,car3164
sample_001002,car3170
sample_001003,car3171
sample_001004,car3176
sample_001005,car3178
sample_001006,car3182
sample_001009,car3188
sample_001010,car3189
sample_001011,car3191
sample_001012,car3193
sample_001014,car3200
sample_001016,car3207
sample_001017,car3210
sample_001018,car3211
sample_001019,car3213
sample_001020,car3218
sample_001021,car3224
sample_001024,car3228
sample_001025,car3230
sample_001026,car3233
sample_001027,car3241
sample_001029,car3244
sample_001030,car3251
sample_001031,car3253
sample_001033,car3260
sample_001034,car3263
sample_001035,car3265
sample_001036,car3266
sample_001037,car3268
sample_001038,car3270
sample_001040,car3281
sample_001043,car3286
sample_001044,car3287
sample_001045,car3295
sample_001047,car3304
sample_001048,car3306
sample_001049,car3308
sample_001052,car3317
sample_001053,car3319
sample_001054,car3328
sample_001055,car3329
sample_001057,car3335
sample_001059,car3345
sample_001060,car3351
sample_001061,car3354
sample_001062,car3359
sample_001063,car3363
sample_001064,car3364
sample_001066,car3379
sample_001067,car3380
sample_001068,car3384
sample_001069,car3390
sample_001070,car3391
sample_001071,car3392
sample_001072,car3393
sample_001073,car3397
sample_001074,car3406
sample_001075,car3411
sample_001076,car3413
sample_001077,car3419
sample_001078,car3423
sample_001079,car3428
sample_001080,car3429
sample_001083,car3439
sample_001084,car3445
sample_001085,car3452
sample_001086,car3458
sample_001087,car3459
sample_001088,car3460
sample_001090,car3466
sample_001091,car3475
sample_001093,car3486
sample_001094,car3489
sample_001095,car3492
sample_001096,car3494
sample_001097,car3496
sample_001098,car3505
sample_001100,car3507
sample_001101,car3511
sample_001102,car3516
sample_001103,car3526
sample_001104,car3531
sample_001105,car3538
sample_001106,car3540
sample_001107,car3542
sample_001108,car3543
sample_001109,car3544
sample_001110,car3546
sample_001111,car3552
sample_001112,car3554
sample_001113,car3555
sample_001115,car3566
sample_001116,car3571
sample_001118,car3576
sample_001120,car3582
sample_001121,car3587
sample_001122,car3604
sample_001124,car3614
sample_001125,car3617
sample_001126,car3618
sample_001128,car3627
sample_001129,car3629
sample_001130,car3630
sample_001131,car3631
sample_001132,car3635
sample_001133,car3639
sample_001134,car3642
sample_001135,car3643
sample_001136,car3652
sample_001138,car3660
sample_001139,car3665
sample_001140,car3667
sample_001141,car3677
sample_001142,car3680
sample_001143,car3682
sample_001144,car3685
sample_001145,car3688
sample_001147,car3698
sample_001148,car3701
sample_001149,car3704
sample_001150,car3705
sample_001151,car3706
sample_001152,car3708
sample_001153,car3709
sample_001154,car3731
sample_001155,car3735
sample_001156,car3736
sample_001157,car3741
sample_001159,car3752
sample_001160,car3755
sample_001162,car3758
sample_001163,car3765
sample_001164,car3771
sample_001165,car3773
sample_001166,car3774
sample_001167,car3782
sample_001168,car3793
sample_001169,car3795
sample_001170,car3809
sample_001171,car3814
sample_001172,car3818
sample_001174,car3822
sample_001175,car3826
sample_001176,car3828
sample_001177,car3830
sample_001178,car3834
sample_001180,car3844
sample_001183,car3850
sample_001184,car3851
sample_001185,car3852
sample_001187,car3855
sample_001188,car3856
sample_001189,car3858
sample_001190,car3860
sample_001191,car3863
sample_001192,car3869
sample_001193,car3872
sample_001195,car3878
sample_001196,car3880
sample_001197,car3882
sample_001201,car3892
sample_001202,car3894
sample_001203,car3909
sample_001204,car3916
sample_001205,car3917
sample_001206,car3925
sample_001207,car3928
sample_001208,car3931
sample_001209,car3935
sample_001212,car3945
sample_001213,car3958
sample_001215,car3961
sample_001216,car3966
sample_001217,car3975
sample_001218,car3980
sample_001220,car3987
sample_001221,car3990
sample_001222,car3992
sample_001223,car3998
sample_001224,car3999
sample_001225,car4007
sample_001226,car4013
sample_001227,car4016
sample_001229,car4019
sample_001230,car4020
sample_001231,car4041
sample_001232,car4042
sample_001234,car4053
sample_001235,car4057
sample_001236,car4058
sample_001237,car4062
sample_001239,car4068
sample_001241,car4083
sample_001242,car4091
sample_001243,car4096
sample_001244,car4105
sample_001246,car4109
sample_001247,car4112
sample_001248,car4117
sample_001250,car4123
sample_001251,car4127
sample_001254,car4132
sample_001255,car4135
sample_001256,car4155
sample_001257,car4156
sample_001258,car4157
sample_001260,car4173
sample_001261,car4183
sample_001262,car4188
sample_001263,car4190
sample_001264,car4194
sample_001265,car4199
sample_001266,car4200
sample_001267,car4201
sample_001268,car4202
sample_001269,car4203
sample_001270,car4208
sample_001271,car4217
sample_001272,car4224
sample_001273,car4237
sample_001274,car4238
sample_001276,car4249
sample_001277,car4251
sample_001280,car4266
sample_001282,car4271
sample_001283,car4276
sample_001284,car4292
sample_001285,car4294
sample_001288,car4302
sample_001289,car4305
sample_001290,car4306
sample_001291,car4307
sample_001292,car4308
sample_001293,car4311
sample_001295,car4315
sample_001297,car4329
sample_001298,car4334
sample_001300,car4347
sample_001301,car4351
sample_001302,car4356
sample_001303,car4358
sample_001304,car4363
sample_001305,car4367
sample_001306,car4368
sample_001309,car4379
sample_001310,car4386
sample_001311,car4388
sample_001312,car4391
sample_001313,car4392
sample_001314,car4393
sample_001318,car4409
sample_001319,car4415
sample_001320,car4417
sample_001321,car4428
sample_001323,car4446
sample_001325,car4453
sample_001326,car4455
sample_001327,car4456
sample_001328,car4457
sample_001329,car4461
sample_001330,car4462
sample_001331,car4466
sample_001332,car4473
sample_001333,car4476
sample_001334,car4478
sample_001335,car4481
sample_001336,car4484
sample_001337,car4488
sample_001338,car4495
sample_001339,car4498
sample_001340,car4517
sample_001341,car4518
sample_001342,car4521
sample_001343,car4527
sample_001344,car4529
sample_001345,car4530
sample_001346,car4532
sample_001348,car4534
sample_001350,car4538
sample_001352,car4551
sample_001354,car4575
sample_001355,car4576
sample_001357,car4578
sample_001358,car4579
sample_001359,car4582
sample_001360,car4588
sample_001361,car4589
sample_001364,car4593
sample_001366,car4604
sample_001367,car4606
sample_001368,car4609
sample_001369,car4612
sample_001370,car4614
sample_001372,car4620
sample_001373,car4622
sample_001374,car4623
sample_001375,car4625
sample_001376,car4627
sample_001378,car4635
sample_001380,car4643
sample_001382,car4650
sample_001384,car4657
sample_001385,car4671
sample_001386,car4675
sample_001387,car4677
sample_001388,car4679
sample_001389,car4682
sample_001390,car4685
sample_001391,car4690
sample_001392,car4695
sample_001395,car4702
sample_001397,car4707
sample_001398,car4708
sample_001399,car4709
sample_001400,car4714
sample_001401,car4715
sample_001403,car4721
sample_001404,car4725
sample_001405,car4727
sample_001406,car4732
sample_001407,car4735
sample_001410,car4741
sample_001411,car4748
sample_001412,car4750
sample_001414,car4759
sample_001415,car4764
sample_001416,car4767
sample_001417,car4774
sample_001418,car4781
sample_001419,car4783
sample_001421,car4785
sample_001422,car4790
sample_001423,car4792
sample_001424,car4795
sample_001425,car4796
sample_001426,car4800
sample_001427,car4807
sample_001428,car4810
sample_001429,car4811
sample_001430,car4814
sample_001431,car4816
sample_001432,car4817
sample_001433,car4818
sample_001435,car4821
sample_001436,car4823
sample_001437,car4825
sample_001438,car4826
sample_001439,car4827
sample_001440,car4833
sample_001441,car4837
sample_001443,car4847
sample_001444,car4850
sample_001445,car4853
sample_001446,car4854
sample_001447,car4855
sample_001449,car4861
sample_001450,car4869
sample_001451,car4871
sample_001452,car4873
sample_001453,car4875
sample_001454,car4877
sample_001455,car4880
sample_001456,car4885
sample_001457,car4886
sample_001458,car4888
sample_001459,car4891
sample_001460,car4894
sample_001461,car4901
sample_001462,car4907
sample_001463,car4917
sample_001464,car4924
sample_001466,car4926
sample_001467,car4929
sample_001468,car4930
sample_001469,car4931
sample_001470,car4934
sample_001471,car4937
sample_001472,car4941
sample_001473,car4942
sample_001474,car4943
sample_001475,car4946
sample_001476,car4948
sample_001477,car4949
sample_001478,car4954
sample_001479,car4956
sample_001480,car4960
sample_001481,car4961
sample_001482,car4966
sample_001483,car4967
sample_001484,car4968
sample_001485,car4971
sample_001486,car4972
sample_001487,car4973
sample_001488,car4979
sample_001489,car4981
sample_001490,car4983
sample_001491,car4986
sample_001492,car4987
sample_001493,car4989
sample_001494,car4991
sample_001495,car4993
sample_001496,car5001
sample_001497,car5004
sample_001498,car5007
sample_001500,car5010
sample_001501,car5012
sample_001502,car5020
sample_001503,car5021
sample_001504,car5028
sample_001506,car5032
sample_001509,car5048
sample_001510,car5052
sample_001511,car5053
sample_001512,car5054
sample_001514,car5059
sample_001516,car5065
sample_001517,car5071
sample_001518,car5076
sample_001519,car5082
sample_001520,car5084
sample_001521,car5086
sample_001522,car5087
sample_001523,car5088
sample_001525,car5094
sample_001529,car5103
sample_001533,car5117
sample_001535,car5121
sample_001536,car5122
sample_001537,car5128
sample_001538,car5129
sample_001539,car5130
sample_001541,car5134
sample_001542,car5146
sample_001543,car5148
sample_001546,car5152
sample_001547,car5153
sample_001551,car5161
sample_001554,car5168
sample_001555,car5170
sample_001557,car5174
sample_001558,car5175
sample_001559,car5177
sample_001560,car5180
sample_001562,car5184
sample_001563,car5186
sample_001565,car5192
sample_001566,car5193
sample_001567,car5199
sample_001568,car5200
sample_001570,car5202
sample_001571,car5203
sample_001574,car5207
sample_001575,car5208
sample_001577,car5210
sample_001580,car5218
sample_001581,car5224
sample_001582,car5229
sample_001583,car5236
sample_001585,car5239
sample_001586,car5240
sample_001587,car5244
sample_001588,car5245
sample_001589,car5246
sample_001590,car5249
sample_001591,car5253
sample_001592,car5259
sample_001593,car5264
sample_001597,car5276
sample_001598,car5277
sample_001599,car5278
sample_001600,car5279
sample_001601,car5284
sample_001603,car5291
sample_001604,car5293
sample_001605,car5294
sample_001606,car5297
sample_001607,car5300
sample_001608,car5301
sample_001609,car5305
sample_001611,car5313
sample_001612,car5324
sample_001613,car5328
sample_001614,car5331
sample_001615,car5332
sample_001617,car5336
sample_001618,car5338
sample_001619,car5339
sample_001620,car5342
sample_001622,car5348
sample_001624,car5356
sample_001625,car5357
sample_001627,car5361
sample_001628,car5369
sample_001629,car5370
sample_001631,car5380
sample_001632,car5381
sample_001634,car5385
sample_001635,car5389
sample_001636,car5390
sample_001637,car5392
sample_001638,car5393
sample_001639,car5395
sample_001640,car5396
sample_001641,car5398
sample_001642,car5402
sample_001643,car5404
sample_001644,car5408
sample_001645,car5410
sample_001646,car5412
sample_001647,car5421
sample_001648,car5422
sample_001650,car5430
sample_001651,car5432
sample_001652,car5433
sample_001653,car5436
sample_001654,car5440
sample_001655,car5442
sample_001656,car5447
sample_001657,car5452
sample_001659,car5458
sample_001660,car5461
sample_001662,car5473
sample_001663,car5478
sample_001664,car5479
sample_001665,car5480
sample_001666,car5482
sample_001667,car5488
sample_001668,car5491
sample_001670,car5501
sample_001671,car5502
sample_001673,car5504
sample_001674,car5506
sample_001675,car5508
sample_001676,car5509
sample_001677,car5512
sample_001678,car5513
sample_001680,car5526
sample_001681,car5527
sample_001682,car5534
sample_001683,car5540
sample_001684,car5547
sample_001685,car5549
sample_001686,car5550
sample_001687,car5556
sample_001688,car5557
sample_001689,car5565
sample_001690,car5570
sample_001691,car5573
sample_001692,car5574
sample_001693,car5580
sample_001694,car5585
sample_001695,car5590
sample_001696,car5595
sample_001698,car5597
sample_001699,car5599
sample_001700,car5605
sample_001701,car5606
sample_001702,car5608
sample_001703,car5611
sample_001704,car5613
sample_001705,car5617
sample_001706,car5619
sample_001707,car5620
sample_001708,car5622
sample_001710,car5627
sample_001711,car5628
sample_001712,car5632
sample_001713,car5633
sample_001714,car5636
sample_001715,car5637
sample_001716,car5638
sample_001718,car5643
sample_001719,car5647
sample_001721,car5661
sample_001722,car5663
sample_001723,car5665
sample_001724,car5667
sample_001725,car5670
sample_001727,car5682
sample_001729,car5688
sample_001730,car5689
sample_001731,car5690
sample_001738,car5709
sample_001739,car5710
sample_001740,car5712
sample_001741,car5713
sample_001743,car5729
sample_001744,car5732
sample_001747,car5740
sample_001748,car5741
sample_001749,car5742
sample_001750,car5744
sample_001751,car5745
sample_001752,car5747
sample_001754,car5758
sample_001757,car5764
sample_001758,car5765
sample_001759,car5767
sample_001760,car5768
sample_001761,car5769
sample_001762,car5775
sample_001763,car5776
sample_001764,car5780
sample_001765,car5781
sample_001766,car5785
sample_001767,car5786
sample_001768,car5794
sample_001769,car5798
sample_001770,car5799
sample_001771,car5801
sample_001772,car5802
sample_001773,car5803
sample_001774,car5805
sample_001776,car5810
sample_001777,car5815
sample_001778,car5817
sample_001779,car5820
sample_001780,car5824
sample_001781,car5827
sample_001782,car5828
sample_001783,car5831
sample_001784,car5834
sample_001785,car5835
sample_001787,car5837
sample_001788,car5838
sample_001789,car5841
sample_001790,car5848
sample_001791,car5849
sample_001792,car5853
sample_001794,car5856
sample_001795,car5858
sample_001796,car5860
sample_001797,car5863
sample_001798,car5864
sample_001799,car5868
sample_001800,car5873
sample_001801,car5874
sample_001803,car5882
sample_001804,car5884
sample_001805,car5887
sample_001806,car5889
sample_001807,car5890
sample_001808,car5891
sample_001811,car5896
sample_001812,car5899
sample_001813,car5900
sample_001814,car5902
sample_001816,car5907
sample_001817,car5910
sample_001818,car5912
sample_001819,car5915
sample_001820,car5917
sample_001821,car5919
sample_001822,car5920
sample_001823,car5927
sample_001825,car5932
sample_001826,car5933
sample_001828,car5937
sample_001829,car5942
sample_001830,car5944
sample_001831,car5945
sample_001832,car5946
sample_001833,car5947
sample_001834,car5948
sample_001835,car5949
sample_001837,car5952
sample_001838,car5953
sample_001839,car5958
sample_001840,car5959
sample_001843,car5967
sample_001844,car5968
sample_001845,car5971
sample_001846,car5978
sample_001847,car5979
sample_001848,car5981
sample_001849,car5984
sample_001850,car5986
sample_001851,car5987
sample_001852,car5989
sample_001853,car5990
sample_001854,car5991
sample_001855,car5992
sample_001857,car5994
sample_001858,car5998
sample_001859,car6001
sample_001860,car6004
sample_001862,car6009
sample_001863,car6011
sample_001864,car6014
sample_001865,car6016
sample_001866,car6024
sample_001867,car6033
sample_001868,car6034
sample_001869,car6035
sample_001870,car6037
sample_001871,car6039
sample_001872,car6042
sample_001873,car6045
sample_001874,car6046
sample_001875,car6049
sample_001876,car6055
sample_001879,car6066
sample_001881,car6068
sample_001882,car6073
sample_001883,car6081
sample_001884,car6083
sample_001886,car6089
sample_001887,car6090
sample_001888,car6093
sample_001889,car6094
sample_001890,car6097
sample_001891,car6102
sample_001892,car6108
sample_001893,car6110
sample_001894,car6118
sample_001895,car6119
sample_001898,car6123
sample_001899,car6127
sample_001903,car6135
sample_001904,car6137
sample_001905,car6139
sample_001906,car6141
sample_001907,car6144
sample_001908,car6148
sample_001909,car6149
sample_001910,car6150
sample_001912,car6153
sample_001913,car6154
sample_001914,car6155
sample_001916,car6159
sample_001917,car6170
sample_001918,car6172
sample_001919,car6174
sample_001920,car6175
sample_001921,car6177
sample_001922,car6178
sample_001923,car6179
sample_001924,car6185
sample_001925,car6186
sample_001926,car6191
sample_001927,car6193
sample_001928,car6194
sample_001929,car6195
sample_001930,car6197
sample_001931,car6201
sample_001932,car6202
sample_001933,car6206
sample_001934,car6207
sample_001935,car6208
sample_001936,car6210
sample_001937,car6211
sample_001938,car6214
sample_001939,car6215
sample_001943,car6223
sample_001944,car6226
sample_001945,car6227
sample_001946,car6229
sample_001947,car6230
sample_001948,car6237
sample_001953,car6254
sample_001955,car6258
sample_001957,car6266
sample_001958,car6268
sample_001959,car6274
sample_001960,car6277
sample_001961,car6284
sample_001962,car6286
sample_001963,car6296
sample_001964,car6298
sample_001965,car6301
sample_001966,car6304
sample_001968,car6308
sample_001971,car6311
sample_001972,car6314
sample_001973,car6315
sample_001974,car6316
sample_001975,car6318
sample_001976,car6322
sample_001977,car6323
sample_001978,car6325
sample_001979,car6332
sample_001980,car6336
sample_001981,car6340
sample_001982,car6341
sample_001983,car6343
sample_001984,car6344
sample_001985,car6345
sample_001986,car6353
sample_001988,car6355
sample_001990,car6364
sample_001991,car6365
sample_001993,car6367
sample_001995,car6378
sample_001996,car6382
sample_001998,car6390
sample_001999,car6394
sample_002002,car6417
sample_002003,car6419
sample_002004,car6420
sample_002005,car6422
sample_002006,car6427
sample_002007,car6430
sample_002008,car6437
sample_002009,car6446
sample_002010,car6447
sample_002012,car6452
sample_002013,car6454
sample_002014,car6455
sample_002016,car6460
sample_002017,car6464
sample_002018,car6467
sample_002019,car6469
sample_002020,car6470
sample_002021,car6474
sample_002022,car6476
sample_002023,car6479
sample_002024,car6481
sample_002025,car6482
sample_002026,car6484
sample_002027,car6486
sample_002028,car6487
sample_002029,car6488
sample_002030,car6489
sample_002031,car6493
sample_002032,car6495
sample_002033,car6496
sample_002034,car6498
sample_002036,car6507
sample_002037,car6508
sample_002038,car6509
sample_002039,car6511
sample_002040,car6512
sample_002041,car6514
sample_002045,car6532
sample_002047,car6546
sample_002048,car6547
sample_002049,car6551
sample_002050,car6552
sample_002052,car6557
sample_002053,car6559
sample_002054,car6560
sample_002055,car6561
sample_002056,car6563
sample_002057,car6568
sample_002058,car6569
sample_002059,car6572
sample_002060,car6573
sample_002062,car6580
sample_002063,car6581
sample_002065,car6585
sample_002066,car6587
sample_002068,car6591
sample_002069,car6600
sample_002070,car6604
sample_002071,car6606
sample_002072,car6609
sample_002073,car6612
sample_002074,car6614
sample_002075,car6615
sample_002076,car6618
sample_002077,car6621
sample_002078,car6623
sample_002079,car6626
sample_002081,car6630
sample_002083,car6637
sample_002084,car6642
sample_002086,car6647
sample_002088,car6650
sample_002089,car6653
sample_002090,car6656
sample_002091,car6657
sample_002092,car6658
sample_002093,car6661
sample_002095,car6667
sample_002096,car6670
sample_002098,car6676
sample_002099,car6678
sample_002100,car6680
sample_002101,car6683
sample_002103,car6686
sample_002105,car6691
sample_002107,car6695
sample_002108,car6698
sample_002109,car6699
sample_002110,car6708
sample_002112,car6712
sample_002113,car6717
sample_002114,car6722
sample_002115,car6723
sample_002116,car6724
sample_002117,car6726
sample_002118,car6727
sample_002119,car6731
sample_002120,car6735
sample_002122,car6740
sample_002123,car6741
sample_002124,car6743
sample_002125,car6745
sample_002126,car6752
sample_002127,car6753
sample_002128,car6756
sample_002129,car6760
sample_002130,car6763
sample_002131,car6765
sample_002133,car6771
sample_002134,car6773
sample_002135,car6779
sample_002136,car6781
sample_002138,car6785
sample_002139,car6786
sample_002140,car6787
sample_002141,car6788
sample_002142,car6789
sample_002143,car6794
sample_002144,car6801
sample_002145,car6808
sample_002146,car6811
sample_002148,car6815
sample_002149,car6819
sample_002151,car6823
sample_002152,car6825
sample_002155,car6829
sample_002158,car6839
sample_002159,car6840
sample_002160,car6841
sample_002161,car6842
sample_002162,car6843
sample_002163,car6845
sample_002164,car6846
sample_002166,car6852
sample_002167,car6853
sample_002168,car6856
sample_002169,car6859
sample_002171,car6866
sample_002172,car6868
sample_002173,car6870
sample_002174,car6875
sample_002175,car6878
sample_002176,car6889
sample_002177,car6890
sample_002178,car6892
sample_002179,car6894
sample_002180,car6895
sample_002181,car6900
sample_002182,car6908
sample_002183,car6920
sample_002184,car6923
sample_002185,car6927
sample_002186,car6930
sample_002188,car6939
sample_002190,car6949
sample_002191,car6952
sample_002192,car6953
sample_002193,car6956
sample_002194,car6961
sample_002195,car6965
sample_002196,car6966
sample_002197,car6968
sample_002198,car6975
sample_002199,car6980
sample_002200,car6981
sample_002202,car6984
sample_002203,car6985
sample_002204,car6994
sample_002205,car6997
sample_002206,car6998
sample_002208,car7016
sample_002210,car7021
sample_002211,car7023
sample_002212,car7024
sample_002214,car7031
sample_002216,car7036
sample_002217,car7039
sample_002219,car7042
sample_002220,car7045
sample_002221,car7046
sample_002222,car7047
sample_002223,car7048
sample_002224,car7049
sample_002227,car7057
sample_002228,car7058
sample_002230,car7066
sample_002231,car7068
sample_002232,car7069
sample_002233,car7073
sample_002234,car7075
sample_002235,car7077
sample_002238,car7087
sample_002240,car7093
sample_002241,car7094
sample_002242,car7096
sample_002243,car7103
sample_002244,car7104
sample_002245,car7105
sample_002246,car7108
sample_002247,car7109
sample_002249,car7111
sample_002250,car7112
sample_002251,car7113
sample_002252,car7115
sample_002254,car7118
sample_002256,car7123
sample_002257,car7125
sample_002259,car7130
sample_002261,car7136
sample_002262,car7141
sample_002264,car7143
sample_002265,car7144
sample_002266,car7145
sample_002267,car7146
sample_002268,car7147
sample_002269,car7152
sample_002270,car7154
sample_002271,car7158
sample_002272,car7164
sample_002273,car7165
sample_002276,car7174
sample_002277,car7177
sample_002278,car7182
sample_002279,car7185
sample_002280,car7189
sample_002281,car7190
sample_002282,car7191
sample_002283,car7193
sample_002284,car7194
sample_002285,car7195
sample_002286,car7196
sample_002287,car7198
sample_002288,car7199
sample_002289,car7202
sample_002291,car7212
sample_002292,car7213
sample_002293,car7214
sample_002295,car7219
sample_002296,car7221
sample_002298,car7231
sample_002300,car7237
sample_002301,car7243
sample_002302,car7245
sample_002303,car7247
sample_002304,car7250
sample_002306,car7254
sample_002307,car7255
sample_002308,car7256
sample_002309,car7258
sample_002310,car7260
sample_002311,car7262
sample_002312,car7266
sample_002315,car7275
sample_002316,car7276
sample_002317,car7277
sample_002319,car7282
sample_002320,car7284
sample_002321,car7285
sample_002322,car7286
sample_002323,car7287
sample_002324,car7288
sample_002325,car7290
sample_002326,car7291
sample_002327,car7294
sample_002329,car7299
sample_002330,car7302
sample_002331,car7305
sample_002332,car7307
sample_002333,car7311
sample_002334,car7312
sample_002336,car7318
sample_002337,car7322
sample_002338,car7324
sample_002339,car7325
sample_002340,car7331
sample_002341,car7332
sample_002342,car7336
sample_002343,car7338
sample_002345,car7342
sample_002346,car7343
sample_002347,car7346
sample_002349,car7348
sample_002350,car7350
sample_002352,car7353
sample_002353,car7358
sample_002354,car7359
sample_002355,car7363
sample_002357,car7366
sample_002358,car7371
sample_002360,car7378
sample_002362,car7386
sample_002363,car7387
sample_002366,car7393
sample_002367,car7394
sample_002368,car7396
sample_002369,car7398
sample_002370,car7400
sample_002371,car7401
sample_002372,car7407
sample_002373,car7408
sample_002374,car7414
sample_002375,car7415
sample_002376,car7416
sample_002378,car7421
sample_002379,car7430
sample_002380,car7438
sample_002381,car7439
sample_002382,car7442
sample_002384,car7448
sample_002385,car7453
sample_002386,car7454
sample_002387,car7455
sample_002388,car7457
sample_002389,car7458
sample_002390,car7464
sample_002391,car7466
sample_002392,car7476
sample_002393,car7478
sample_002394,car7479
sample_002395,car7480
sample_002397,car7485
sample_002398,car7492
sample_002399,car7495
sample_002400,car7497
sample_002401,car7498
sample_002402,car7499
sample_002403,car7501
sample_002404,car7502
sample_002405,car7505
sample_002408,car7514
sample_002409,car7518
sample_002411,car7520
sample_002412,car7521
sample_002413,car7525
sample_002414,car7526
sample_002415,car7527
sample_002416,car7530
sample_002417,car7532
sample_002418,car7535
sample_002419,car7540
sample_002422,car7546
sample_002425,car7550
sample_002426,car7552
sample_002427,car7556
sample_002428,car7558
sample_002429,car7560
sample_002430,car7561
sample_002433,car7566
sample_002434,car7568
sample_002435,car7569
sample_002436,car7570
sample_002437,car7571
sample_002438,car7573
sample_002439,car7574
sample_002441,car7589
sample_002442,car7590
sample_002443,car7596
sample_002444,car7597
sample_002445,car7599
sample_002446,car7600
sample_002447,car7606
sample_002448,car7608
sample_002449,car7611
sample_002450,car7614
sample_002451,car7615
sample_002454,car7622
sample_002456,car7631
sample_002457,car7633
sample_002458,car7634
sample_002461,car7642
sample_002462,car7643
sample_002463,car7647
sample_002465,car7651
sample_002466,car7652
sample_002467,car7653
sample_002468,car7654
sample_002469,car7660
sample_002470,car7661
sample_002472,car7665
sample_002473,car7666
sample_002474,car7669
sample_002475,car7670
sample_002477,car7673
sample_002478,car7676
sample_002479,car7679
sample_002481,car7696
sample_002482,car7700
sample_002483,car7707
sample_002484,car7708
sample_002485,car7709
sample_002487,car7713
sample_002488,car7714
sample_002489,car7719
sample_002490,car7720
sample_002492,car7723
sample_002493,car7725
sample_002494,car7726
sample_002495,car7728
sample_002496,car7731
sample_002498,car7735
sample_002501,car7740
sample_002502,car7743
sample_002503,car7744
sample_002504,car7747
sample_002505,car7748
sample_002506,car7750
sample_002507,car7751
sample_002509,car7755
sample_002510,car7756
sample_002511,car7765
sample_002515,car7776
sample_002516,car7779
sample_002517,car7780
sample_002518,car7782
sample_002519,car7799
sample_002520,car7801
sample_002521,car7803
sample_002522,car7804
sample_002523,car7809
sample_002524,car7810
sample_002525,car7812
sample_002526,car7816
sample_002527,car7826
sample_002528,car7831
sample_002530,car7840
sample_002531,car7843
sample_002532,car7845
sample_002533,car7846
sample_002536,car7851
sample_002537,car7853
sample_002538,car7859
sample_002539,car7861
sample_002540,car7865
sample_002541,car7867
sample_002542,car7868
sample_002543,car7876
sample_002546,car7879
sample_002547,car7884
sample_002549,car7887
sample_002550,car7889
sample_002551,car7893
sample_002552,car7894
sample_002553,car7897
sample_002554,car7899
sample_002556,car7903
sample_002557,car7909
sample_002558,car7910
sample_002559,car7913
sample_002560,car7921
sample_002561,car7922
sample_002562,car7925
sample_002563,car7930
sample_002564,car7935
sample_002565,car7936
sample_002566,car7939
sample_002568,car7942
sample_002569,car7946
sample_002573,car7961
sample_002574,car7963
sample_002575,car7964
sample_002576,car7968
sample_002577,car7969
sample_002578,car7970
sample_002579,car7971
sample_002580,car7979
sample_002581,car7981
sample_002582,car7982
sample_002583,car7984
sample_002584,car7985
sample_002585,car7987
sample_002586,car7989
sample_002587,car7992
sample_002588,car7994
sample_002589,car7997
sample_002590,car7999
sample_002592,car8008
sample_002593,car8013
sample_002594,car8016
sample_002595,car8022
sample_002596,car8023
sample_002597,car8028
sample_002598,car8033
sample_002599,car8036
sample_002600,car8038
sample_002601,car8042
sample_002602,car8046
sample_002603,car8048
sample_002604,car8049
sample_002605,car8050
sample_002606,car8052
sample_002611,car8061
sample_002612,car8064
sample_002613,car8066
sample_002615,car8070
sample_002617,car8074
sample_002618,car8075
sample_002619,car8080
sample_002620,car8081
sample_002621,car8083
sample_002624,car8090
sample_002625,car8094
sample_002626,car8095
sample_002627,car8103
sample_002628,car8106
sample_002629,car8108
sample_002630,car8109
sample_002631,car8110
sample_002633,car8112
sample_002634,car8115
sample_002636,car8119
sample_002637,car8120
sample_002638,car8123
sample_002639,car8128
sample_002640,car8129
sample_002641,car8131
sample_002643,car8139
sample_002644,car8140
sample_002646,car8142
sample_002647,car8143
sample_002649,car8149
sample_002650,car8154
sample_002651,car8160
sample_002652,car8161
sample_002653,car8162
sample_002654,car8165
sample_002655,car8168
sample_002656,car8169
sample_002657,car8170
sample_002658,car8172
sample_002660,car8178
sample_002661,car8179
sample_002662,car8181
sample_002663,car8182
sample_002664,car8184
sample_002666,car8188
sample_002667,car8190
sample_002668,car8191
sample_002672,car8201
sample_002673,car8203
sample_002674,car8205
sample_002675,car8206
sample_002677,car8209
sample_002678,car8211
sample_002679,car8214
sample_002680,car8215
sample_002681,car8216
sample_002682,car8218
sample_002683,car8219
sample_002684,car8220
sample_002687,car8224
sample_002688,car8235
sample_002689,car8236
sample_002690,car8237
sample_002691,car8243
sample_002692,car8244
sample_002693,car8251
sample_002694,car8254
sample_002695,car8260
sample_002696,car8263
sample_002697,car8264
sample_002698,car8270
sample_002699,car8272
sample_002700,car8274
sample_002701,car8277
sample_002703,car8280
sample_002704,car8281
sample_002705,car8286
sample_002707,car8288
sample_002708,car8291
sample_002711,car8302
sample_002712,car8304
sample_002714,car8306
sample_002716,car8317
sample_002718,car8319
sample_002719,car8321
sample_002721,car8323
sample_002722,car8326
sample_002723,car8329
sample_002724,car8334
sample_002725,car8338
sample_002726,car8341
sample_002728,car8345
sample_002729,car8346
sample_002731,car8348
sample_002732,car8351
sample_002733,car8353
sample_002734,car8355
sample_002735,car8356
sample_002736,car8358
sample_002737,car8362
sample_002738,car8363
sample_002739,car8369
sample_002740,car8374
sample_002741,car8381
sample_002742,car8382
sample_002746,car8393
sample_002748,car8395
sample_002749,car8397
sample_002750,car8398
sample_002751,car8400
sample_002752,car8403
sample_002753,car8404
sample_002754,car8405
sample_002755,car8408
sample_002756,car8409
sample_002758,car8413
sample_002759,car8414
sample_002761,car8420
sample_002762,car8423
sample_002763,car8424
sample_002764,car8428
sample_002765,car8439
sample_002766,car8443
sample_002768,car8446
sample_002770,car8448
sample_002771,car8449
sample_002772,car8451
sample_002773,car8454
sample_002774,car8461
sample_002777,car8466
sample_002779,car8470
sample_002780,car8473
sample_002782,car8480
sample_002783,car8481
sample_002784,car8483
sample_002785,car8488
sample_002786,car8489
sample_002787,car8490
sample_002788,car8491
sample_002789,car8493
sample_002790,car8497
sample_002791,car8500
sample_002792,car8501
sample_002793,car8504
sample_002794,car8506
sample_002795,car8509
sample_002797,car8512
sample_002799,car8515
sample_002800,car8516
sample_002803,car8524
sample_002804,car8527
sample_002805,car8528
sample_002806,car8529
sample_002808,car8535
sample_002809,car8539
sample_002810,car8540
sample_002812,car8543
sample_002813,car8549
sample_002815,car8556
sample_002816,car8558
sample_002818,car8572
sample_002819,car8573
sample_002820,car8583
sample_002822,car8585
sample_002823,car8587
sample_002824,car8588
sample_002825,car8590
sample_002828,car8597
sample_002829,car8600
sample_002830,car8603
sample_002831,car8605
sample_002832,car8606
sample_002833,car8609
sample_002834,car8610
sample_002835,car8611
sample_002837,car8615
sample_002838,car8617
sample_002839,car8619
sample_002840,car8623
sample_002841,car8628
sample_002842,car8633
sample_002843,car8637
sample_002844,car8638
sample_002845,car8641
sample_002848,car8647
sample_002849,car8648
sample_002850,car8649
sample_002851,car8650
sample_002853,car8654
sample_002854,car8656
sample_002855,car8664
sample_002856,car8665
sample_002858,car8672
sample_002859,car8677
sample_002860,car8678
sample_002861,car8680
sample_002862,car8682
sample_002863,car8683
sample_002864,car8685
sample_002865,car8688
sample_002866,car8694
sample_002867,car8695
sample_002870,car8699
sample_002873,car8707
sample_002874,car8710
sample_002875,car8711
sample_002876,car8715
sample_002877,car8721
sample_002878,car8724
sample_002879,car8727
sample_002880,car8728
sample_002881,car8729
sample_002883,car8741
sample_002884,car8742
sample_002886,car8746
sample_002887,car8747
sample_002888,car8750
sample_002889,car8751
sample_002891,car8754
sample_002892,car8758
sample_002893,car8760
sample_002895,car8770
sample_002896,car8772
sample_002897,car8779
sample_002898,car8780
sample_002899,car8783
sample_002900,car8784
sample_002901,car8787
sample_002902,car8789
sample_002904,car8796
sample_002905,car8797
sample_002906,car8798
sample_002907,car8801
sample_002908,car8802
sample_002909,car8804
sample_002910,car8809
sample_002911,car8810
sample_002912,car8814
sample_002913,car8815
sample_002914,car8816
sample_002915,car8820
sample_002916,car8821
sample_002917,car8823
sample_002918,car8824
sample_002919,car8830
sample_002920,car8833
sample_002922,car8839
sample_002923,car8844
sample_002924,car8845
sample_002925,car8846
sample_002927,car8852
sample_002928,car8855
sample_002929,car8858
sample_002930,car8860
sample_002931,car8861
sample_002932,car8862
sample_002933,car8865
sample_002934,car8867
sample_002935,car8871
sample_002937,car8873
sample_002938,car8876
sample_002939,car8877
sample_002940,car8880
sample_002941,car8883
sample_002943,car8888
sample_002945,car8891
sample_002946,car8892
sample_002947,car8894
sample_002948,car8895
sample_002949,car8896
sample_002950,car8897
sample_002951,car8898
sample_002952,car8900
sample_002953,car8902
sample_002954,car8905
sample_002955,car8910
sample_002956,car8912
sample_002959,car8921
sample_002960,car8923
sample_002962,car8929
sample_002963,car8931
sample_002964,car8934
sample_002968,car8942
sample_002970,car8949
sample_002971,car8951
sample_002972,car8952
sample_002974,car8956
sample_002975,car8958
sample_002976,car8964
sample_002977,car8965
sample_002978,car8970
sample_002979,car8971
sample_002980,car8972
sample_002981,car8975
sample_002982,car8976
sample_002983,car8977
sample_002984,car8989
sample_002985,car8998
sample_002986,car9001
sample_002987,car9002
sample_002988,car9004
sample_002989,car9009
sample_002990,car9013
sample_002991,car9015
sample_002992,car9016
sample_002993,car9022
sample_002994,car9026
sample_002995,car9029
sample_002997,car9035
sample_002998,car9036
sample_003000,car9039
sample_003001,car9041
sample_003003,car9047
sample_003004,car9049
sample_003005,car9053
sample_003007,car9055
sample_003008,car9057
sample_003009,car9064
sample_003010,car9068
sample_003011,car9069
sample_003012,car9070
sample_003013,car9076
sample_003014,car9079
sample_003015,car9081
sample_003016,car9083
sample_003017,car9089
sample_003018,car9090
sample_003019,car9092
sample_003020,car9094
sample_003023,car9103
sample_003025,car9106
sample_003028,car9110
sample_003029,car9111
sample_003030,car9117
sample_003032,car9119
sample_003033,car9120
sample_003034,car9121
sample_003036,car9125
sample_003037,car9129
sample_003038,car9134
sample_003041,car9144
sample_003042,car9145
sample_003043,car9156
sample_003044,car9161
sample_003045,car9163
sample_003046,car9164
sample_003047,car9168
sample_003049,car9174
sample_003050,car9175
sample_003051,car9187
sample_003052,car9192
sample_003053,car9193
sample_003055,car9206
sample_003056,car9209
sample_003057,car9217
sample_003059,car9222
sample_003060,car9223
sample_003061,car9224
sample_003063,car9230
sample_003064,car9232
sample_003065,car9244
sample_003066,car9251
sample_003067,car9253
sample_003069,car9255
sample_003070,car9259
sample_003071,car9263
sample_003072,car9266
sample_003074,car9272
sample_003075,car9273
sample_003076,car9274
sample_003077,car9276
sample_003078,car9278
sample_003079,car9279
sample_003080,car9281
sample_003081,car9282
sample_003083,car9290
sample_003084,car9293
sample_003085,car9296
sample_003086,car9300
sample_003087,car9301
sample_003089,car9304
sample_003090,car9306
sample_003091,car9310
sample_003092,car9311
sample_003093,car9312
sample_003094,car9322
sample_003096,car9328
sample_003097,car9330
sample_003098,car9334
sample_003099,car9335
sample_003100,car9337
sample_003101,car9338
sample_003102,car9339
sample_003103,car9342
sample_003104,car9343
sample_003106,car9349
sample_003107,car9358
sample_003109,car9366
sample_003110,car9370
sample_003111,car9384
sample_003112,car9387
sample_003113,car9388
sample_003114,car9391
sample_003115,car9394
sample_003117,car9396
sample_003118,car9399
sample_003120,car9404
sample_003121,car9409
sample_003123,car9412
sample_003126,car9417
sample_003127,car9420
sample_003129,car9424
sample_003130,car9425
sample_003131,car9427
sample_003132,car9430
sample_003133,car9431
sample_003134,car9434
sample_003135,car9436
sample_003138,car9450
sample_003139,car9451
sample_003140,car9454
sample_003141,car9455
sample_003142,car9456
sample_003143,car9461
sample_003144,car9464
sample_003146,car9467
sample_003147,car9469
sample_003149,car9478
sample_003150,car9479
sample_003151,car9481
sample_003153,car9489
sample_003154,car9490
sample_003155,car9495
sample_003156,car9499
sample_003157,car9503
sample_003158,car9504
